BrFoste,Brain,Foster,40lxik7t
MaBarre,Mattie,Barrera,l3jl7bne
DaHowel,Darrel,Howell,3nfp452a
NoNewto,Noemi,Newton,yh7824dm
JaCarde,Jae,Cardenas,mitmwrt4
ElDenni,Eli,Dennis,dufntp3o
PaHendr,Paulette,Hendrix,b6wi5bwa
EmNash,Emilio,Nash,q1qskmo6
LeBrigg,Leola,Briggs,xpgn4iaw
NiMonro,Nigel,Monroe,nigdieq9
GeSexto,Geraldo,Sexton,hge3yuck
AnGuerr,Anthony,Guerrero,tpuvg0ah
BeNicho,Bertram,Nicholson,ula4oyps
EdMahon,Eddy,Mahoney,oqe4pupe
JuJimen,Julian,Jimenez,9kou93nz
LaMayo,Latisha,Mayo,5nztdzoz
RoGreer,Rolando,Greer,730ykgdu
NoAguil,Norbert,Aguilar,aegkjvk7
AnConra,Antwan,Conrad,a5t9e9zv
ReMorro,Reuben,Morrow,hi1ltk90
OpAyala,Opal,Ayala,s6pa5jha
JuBray,Juliet,Bray,i111unlh
BaPonce,Barry,Ponce,jxmrf6bq
KrCalde,Kristy,Calderon,hn8hdhxn
MaDicks,Mark,Dickson,e5epflyt
ClBeard,Clay,Beard,5dowkc0q
PaCanno,Palmer,Cannon,96y4poy3
DuWheel,Dudley,Wheeler,35cq3ezl
RiDoyle,Richard,Doyle,3v36d96u
AuPadil,Augustine,Padilla,n0zaj9ai
AnClayt,Annabelle,Clayton,vh2gd4fe
GlNunez,Gladys,Nunez,anz7ismf
AmHerre,Amy,Herrera,gtsq3wo3
IvMendo,Ivy,Mendoza,fed47cy6
DiZaval,Diego,Zavala,3o3chl9u
RhHampt,Rhoda,Hampton,ypboe2eg
ReDuffy,Reyna,Duffy,4grwfcza
KaSingh,Kayla,Singh,c679xq51
MaHurle,Marcie,Hurley,qj7zey9z
MaBullo,Matt,Bullock,ekqeelwb
DaWolfe,Darrell,Wolfe,y9eruweb
DoCasti,Doreen,Castillo,n0a5176c
EmClark,Emile,Clark,ic54ytk9
HaGalle,Harley,Gallegos,9v5agtke
JaArnol,Jami,Arnold,sq0jliq4
TrMccal,Traci,Mccall,6pgl66p4
MoBolto,Mohammad,Bolton,apbwlxrs
ArPhill,Arline,Phillips,303pfgci
HeBurto,Heidi,Burton,vv5ovhdz
ShPache,Shannon,Pacheco,84hdrzr6
BoDonov,Boyd,Donovan,290xi2fc
JaHatfi,Jasmine,Hatfield,ba5yppmt
GlRoger,Glen,Rogers,eypjpgjn
AlStric,Alfredo,Strickland,zrnym7eb
SeButle,Selena,Butler,gi8a4ilf
AlWilli,Alvaro,Willis,e4ip715q
AlDavid,Alden,Davidson,8b4lo15s
FeYoung,Federico,Young,h9jo4lfu
AnReid,Anna,Reid,jt2x13ij
StCabre,Stanley,Cabrera,t3hrrda7
CyShelt,Cynthia,Shelton,4w6njnz3
ShBower,Shawn,Bowers,s1mfds3n
StBento,Stacy,Benton,xmei18fl
SaWest,Santo,West,zsety6v1
ReWelch,Reginald,Welch,gtqoqv9o
TaSchro,Tammie,Schroeder,ky5w2vhf
NiBarre,Nickolas,Barrett,8va0i1jx
MaPark,Malik,Park,2y44etvq
GePage,George,Page,egpo2opw
MeMuril,Melva,Murillo,yyc3vlau
BrAbbot,Brendon,Abbott,i37yj83c
MoSalin,Molly,Salinas,z2f03mr2
AnJorda,Andres,Jordan,gb2euu57
OrWolf,Orville,Wolf,mw6finzp
WeMille,Weldon,Miller,x8poegth
ChBlair,Cheri,Blair,ak58i2wh
ErRober,Ericka,Roberts,jat5wyfw
MuVelez,Murray,Velez,gvzmegds
LeOrozc,Lester,Orozco,91bwes74
CaKirby,Carole,Kirby,ql8j5vsn
ElOlsen,Elvis,Olsen,kntfdjf8
RaDalto,Ramon,Dalton,qt4fyfkk
SaHiggi,Santos,Higgins,v6q60w8u
MiWalls,Michel,Walls,49qxwmzt
VeMoone,Velma,Mooney,qqnek21a
MiAyers,Michael,Ayers,5uaxnex7
ReBlank,Rena,Blankenship,4kqo99b4
XaCampo,Xavier,Campos,r6crz6u8
DoStone,Dorian,Stone,x3cwkko9
LiHuff,Lina,Huff,jrr47dn2
ErBraun,Eric,Braun,z7cqvxkv
DeBerge,Derek,Berger,kntrfp6f
SuParke,Summer,Parker,lneabjnp
TuDillo,Tuan,Dillon,ke6yyt8r
JoBaxte,Joshua,Baxter,o3ud2g9h
IsPhelp,Isabel,Phelps,logqr6e3
WiHarre,Winston,Harrell,o7jppih6
GrCalho,Graham,Calhoun,73ewezos
FaMurph,Faustino,Murphy,ztjgo1yu
BrParso,Bradly,Parsons,hq24dcw3
SaDanie,Samuel,Daniel,5v6l3jt3
SaReeve,Sallie,Reeves,w3063xih
AnChan,Antoine,Chan,bd2nyuwg
BeMcfar,Beth,Mcfarland,bbzeu50f
JeSanta,Jeramy,Santana,jem5fbwv
LeMccan,Leslie,Mccann,h1emyr1y
RoAtkin,Rodger,Atkinson,jvs49kvs
ThYates,Thaddeus,Yates,1gm8whbs
LuRosal,Luz,Rosales,3789655i
SaLebla,Sadie,Leblanc,bcbj91fx
MaOneil,Mai,Oneill,jan1ivp8
JaFerna,Jamey,Fernandez,n2jd5cdg
ShWatki,Sheryl,Watkins,tx9lnia3
AlSuare,Allison,Suarez,6y8sdzd8
OmEllis,Omer,Ellison,tlfewful
CoWilki,Cornelius,Wilkinson,rdeqs8w5
DaHurst,Davis,Hurst,mu7ipyra
CaMacdo,Carmen,Macdonald,pa22bphd
MaSteve,Marquis,Stevenson,6lsofl1c
FrJohns,Fredrick,Johns,6l3oe25h
ToBass,Toby,Bass,jn7ro46q
ShBerna,Shelby,Bernard,7d7c5q6m
KeNiels,Keenan,Nielsen,jx6ik8cx
HaTucke,Haywood,Tucker,uvf0cx9r
StFry,Stewart,Fry,1n302k1u
RoHarve,Roland,Harvey,obh1h30n
ViDomin,Vicki,Dominguez,6aqv32ln
OrMcint,Orlando,Mcintyre,4r645xil
LeNorma,Leona,Norman,b50f38yz
ViSchul,Victoria,Schultz,st28ihi8
TrSchmi,Troy,Schmidt,sp2ie4hb
JeAnder,Jerry,Anderson,26dfzj4d
DoOdonn,Dorothy,Odonnell,zzl2vzb0
RoReese,Rosa,Reese,3qh5a0ud
FaMarsh,Fannie,Marsh,6ymzmjer
DaLewis,Damian,Lewis,fs4ft1i8
FrPoole,Francisca,Poole,lltbkfj9
DoCurry,Don,Curry,hjehkhjg
KrSalas,Kristen,Salas,mz2t1d1o
RuMays,Ruby,Mays,nv4sysfw
AlSnow,Alexandria,Snow,x8wqsk0w
ElBarry,Elvia,Barry,0s5n58ez
MaZhang,Major,Zhang,iuat58pn
LeFowle,Leticia,Fowler,bu6k3xvk
ElCampb,Eldon,Campbell,u8ou3c7z
JoWise,Jordon,Wise,9rkstg0h
ShIngra,Shane,Ingram,d6gmxk6b
BeKane,Bernadine,Kane,gjvokhc0
MaErick,Mable,Erickson,ncfgkuun
DeMccul,Deidre,Mccullough,2wk9dyor
LaReill,Lazaro,Reilly,2f4k3afp
GwChang,Gwen,Chang,9th3pc9w
BrOchoa,Brant,Ochoa,7a7cn9hr
JeMason,Jesse,Mason,68jxmt33
ZaTate,Zane,Tate,8gnklv9p
BeSande,Bernard,Sanders,0u0kox3h
TeMeyer,Terry,Meyer,8ltlr6bo
GrRush,Grace,Rush,hdelg8lb
BuRowe,Burton,Rowe,bp8jeltd
SaNelso,Saul,Nelson,r539yeo3
TiRhode,Tia,Rhodes,npmz50fx
GeSmith,Georgia,Smith,3sxzspsz
JoKent,Josiah,Kent,jmv77xes
AmMorse,Amos,Morse,9al5ubvm
SoHenry,Sonya,Henry,xy8vx002
ThWhitn,Theron,Whitney,v9cvefub
LiGiles,Liz,Giles,sn1zrubc
CeChamb,Cecilia,Chambers,i2d8zj9q
LeHolde,Leonardo,Holden,ohqa1oxy
KaGlass,Kathie,Glass,adftecx9
MoPena,Morris,Pena,z5eg1fe4
HeLloyd,Helene,Lloyd,ug6xbzgx
LoHarmo,Long,Harmon,srtrrc19
InRoble,Ines,Robles,yw28avlf
RhWoodw,Rhonda,Woodward,q6dfphsr
ChRoach,Christoper,Roach,h3ieqpk6
RuAshle,Ruthie,Ashley,x282q7f7
StDixon,Stanford,Dixon,9dgwa8e1
ElParks,Elvira,Parks,fvu2o4ci
CaBerry,Carson,Berry,9axwpkbz
WiCruz,Willie,Cruz,tp32azan
VaBaldw,Valentin,Baldwin,xt9gdzin
WiHammo,Will,Hammond,cgauccxf
DiUnder,Diane,Underwood,s06poc69
SyRomer,Sydney,Romero,2id4nwt9
ChBarr,Chasity,Barr,51gu1a08
EsVang,Esperanza,Vang,qd6zru03
RhSchmi,Rhett,Schmitt,2y9o3s4y
AlRobin,Allen,Robinson,hkokqw04
OfSolis,Ofelia,Solis,2hm8sn2m
HaWrigh,Harrison,Wright,iva0pt77
DeSanto,Deana,Santos,zjy7743u
TaRobbi,Tara,Robbins,e848wkle
KeBenit,Kermit,Benitez,hqumuqhk
ChMunoz,Chadwick,Munoz,zf5g440a
JaLopez,Jarvis,Lopez,6ln2dtpj
LeGarre,Lesa,Garrett,p4eooped
JoIbarr,Jodi,Ibarra,62bn0kc5
JuGray,Jules,Gray,041mun7c
DoBauer,Donnie,Bauer,ywgxc087
FlRocha,Florence,Rocha,rjycbhys
JiGentr,Jillian,Gentry,xw9x3g6j
CrGriff,Cristina,Griffith,21ut3kpp
JaSerra,Janie,Serrano,1r30f48p
MoLarso,Mollie,Larson,rpq25vqp
ErHoove,Erich,Hoover,ni0kgx2m
MaMeyer,Marcelo,Meyers,63esqn3o
ToCastr,Todd,Castro,x36hup0e
TrPears,Trent,Pearson,eb8r7xwr
KaDunca,Katherine,Duncan,aykqmx75
ClWalla,Cletus,Wallace,p1xg509a
BuDuart,Buster,Duarte,taqbtfrv
RiColli,Rico,Collins,y2avuboz
LyMerri,Lyndon,Merritt,6mbikjlw
RoPruit,Rodrick,Pruitt,jkmq8zry
BrNovak,Bruno,Novak,f49c3687
LeAvery,Lenora,Avery,dg1p9hrr
EzBlack,Ezra,Blackburn,5vo87nh7
CoRando,Corinne,Randolph,5h5cejeq
FeKirk,Felecia,Kirk,obrt5ii5
ElPace,Eloise,Pace,jtfwvzci
PhSims,Phillip,Sims,5rkbgk1f
MaWalsh,Martin,Walsh,xz9wl08k
LiDecke,Liza,Decker,rfc01dlb
KaRober,Katie,Roberson,9fqtq8k0
LyKaufm,Lynn,Kaufman,2zsjutwp
KaTodd,Karina,Todd,j24u90bw
TaAllis,Tamera,Allison,p21j38vf
CaCombs,Candace,Combs,q3e939ws
BrHenso,Bridgette,Henson,jzidhsto
WiGarri,Wilber,Garrison,vhv0ekog
RuStanl,Ruth,Stanley,yafie57t
BaSpark,Barbara,Sparks,hwamc4o2
JoBeltr,Jonah,Beltran,w7v29x05
AlEscob,Alisa,Escobar,gyt2f3eh
PoMitch,Polly,Mitchell,adqb6gz4
JaAvila,Jannie,Avila,nckt7b6b
StWong,Stacey,Wong,jbqqzeur
OlRusse,Olin,Russell,o4nlhnds
LiRichm,Linwood,Richmond,8ca37549
CoCarro,Cora,Carroll,etkdkm2t
FrHayne,Francesco,Haynes,wl0l92y3
AvHinto,Ava,Hinton,go0wrpin
ClPittm,Clarice,Pittman,wlbvvmxf
VeLynn,Vernon,Lynn,wgpp7mnb
SaZunig,Sandra,Zuniga,hezne31a
FaHall,Faith,Hall,xrup2hjf
LoFrazi,Lonny,Frazier,ii8om0ec
MaGlove,Max,Glover,zznivlq4
GoTruji,Goldie,Trujillo,vwk1q9x4
FrBenso,Frieda,Benson,eab8ffue
TyWiggi,Tyrell,Wiggins,x8ktwju9
TaMadde,Tammi,Madden,07rkt5pk
ClBranc,Clint,Branch,78p3lbpl
AvHahn,Avis,Hahn,lmaa2qb0
RaStout,Randy,Stout,kd46k3vp
OsGibso,Osvaldo,Gibson,bef2aqdo
KeBaker,Kerry,Baker,79uktiwx
MiRuiz,Miguel,Ruiz,8sb2kg6p
RoHanco,Rocky,Hancock,7nnvj3y3
MaArroy,Marjorie,Arroyo,uzdaec40
MaKelle,Maryellen,Keller,0djncyxl
RoAnder,Rory,Andersen,sjegn6ue
JeEspin,Jerri,Espinoza,dsfd12w9
KoHart,Kory,Hart,lwy063vw
SaMeado,Sam,Meadows,7nd865r1
SiHughe,Silas,Hughes,c02qqif2
ShEstes,Sherwood,Estes,l68k3otb
AnShort,Ana,Short,07nx3x52
PeBlanc,Peggy,Blanchard,9945ch2z
MaOwen,Magdalena,Owen,qbgttsto
GiMarsh,Giuseppe,Marshall,ii7mh1ah
SeWang,Seth,Wang,6dwymfjg
WeHanna,Wendy,Hanna,5an2ta93
HiRiver,Hiram,Rivera,ckcq7jip
RiMeza,Rigoberto,Meza,s9fhm6r2
ElSoto,Elba,Soto,7xufrgt6
MeRodri,Mervin,Rodriguez,gh5veey0
GaHeath,Gail,Heath,c6am1jer
AnDavis,Angel,Davis,78r6firl
RoBarne,Roderick,Barnes,jqve5jbv
EdBest,Eduardo,Best,q33r967c
LoBooke,Lowell,Booker,ydkr69fa
KaOwens,Kate,Owens,6ka0ral7
DaShepa,Danny,Shepard,yciv8mm9
IkJuare,Ike,Juarez,pntaqo10
ViSaund,Vincenzo,Saunders,la2rdzaw
TaStewa,Tasha,Stewart,c1i30tl5
KeChase,Kendra,Chase,ql7652z1
HiDay,Hilda,Day,si1ssfm2
MiHowar,Mitchell,Howard,yotdrhgx
ElMckni,Eleanor,Mcknight,q0xch57p
DoByrd,Dorthy,Byrd,i36qgszd
WaTravi,Walker,Travis,a08hf8vo
MiHayes,Micheal,Hayes,0t3rq5tp
AlStaff,Aline,Stafford,dusjq76n
CaShaw,Cathryn,Shaw,06ka6pze
AnRoman,Antony,Roman,d0wyxl9t
JaLeach,Jamar,Leach,6nua2n1v
OpWarne,Ophelia,Warner,ktxu9rf7
ElHutch,Elwood,Hutchinson,kun3190g
GaBeck,Gabrielle,Beck,4w69pdq1
ToCosta,Tobias,Costa,hizqflk3
LuDean,Luther,Dean,jdjclqu3
RoPined,Rosanna,Pineda,o5jwq7mg
SyLang,Sybil,Lang,e29vc8x4
BuNolan,Burl,Nolan,heuexzgq
JeMolin,Jermaine,Molina,34n7ah21
GrThoma,Granville,Thomas,st23qf3b
VaZimme,Vaughn,Zimmerman,jflw6558
MaKnapp,Marguerite,Knapp,qq3r4e4r
RoBarro,Romeo,Barron,xlye4wos
DeWilli,Deanne,Williams,tgntjpnc
YoWebb,Yong,Webb,d9j6bv0v
JoPrest,Joni,Preston,4fowqp32
MiMcint,Miranda,Mcintosh,0dqmiv7n
MaShea,Maynard,Shea,sqgcoqg4
RaPeter,Rayford,Petersen,36s3jaab
HeMcmil,Helen,Mcmillan,8v7hmiun
LyAceve,Lyle,Acevedo,76ejte1y
LaGardn,Lane,Gardner,suszqiyb
AmBoyer,Amparo,Boyer,no0o8djy
CoSherm,Consuelo,Sherman,9r52nxmh
PeWu,Penelope,Wu,y5tvdmjw
BeDavid,Benny,David,t96f3axf
EmFrank,Emerson,Frank,ddxo56vn
ErHuynh,Erika,Huynh,2cgmehzq
JcSolom,Jc,Solomon,gaaa8fht
DeDowns,Delmer,Downs,cux4ow79
EvEvere,Everette,Everett,gjyzkiq9
MiNoble,Michelle,Noble,6stgagbg
IsMoral,Isaias,Morales,b1l8gla9
MaPerry,Marisa,Perry,wd9hsn1r
TrMonte,Tracy,Montes,1lv9tb31
AlHaas,Alisha,Haas,m6pg99fi
NoRicha,Nona,Richard,9781l73f
BeSingl,Beatrice,Singleton,9irhrvzh
OcRiggs,Octavio,Riggs,wn3p0m7v
GrBenne,Gregorio,Bennett,9npd1jhc
NiPope,Nina,Pope,qbhx38le
DaPorte,Darin,Porter,hypeedna
PaCarls,Patsy,Carlson,9c6qaja8
EtBecke,Ethan,Becker,e387z77x
DePerez,Deann,Perez,yuxjxe75
GiBradf,Giovanni,Bradford,2h2nvm58
VaBruce,Vance,Bruce,6vrdlp0l
EnHeber,Enrique,Hebert,t35o7ny4
GaWeave,Gale,Weaver,so6ajgc6
LeMcken,Leanna,Mckenzie,8k5i1k86
LeVille,Lela,Villegas,lltrxb68
CaMack,Cathleen,Mack,crzf4ozg
OrBuckl,Oren,Buckley,0ep5923m
RuGlenn,Russ,Glenn,8ca0kzkh
SuReyno,Suzette,Reynolds,ofw8l39q
MyHubba,Myra,Hubbard,z4w4pzxc
RoGeorg,Roscoe,George,iduac1vk
MySawye,Myrna,Sawyer,08sw9vpc
MaLiu,Maura,Liu,3knhvy0k
BaLe,Basil,Le,63oo5vjd
GrMcgui,Grady,Mcguire,i54gzzho
MaCase,Man,Case,0w1gel1g
BeHodge,Beulah,Hodges,ducos21x
CoBeasl,Cortez,Beasley,bhd79h55
RaChris,Ramona,Christensen,y84jgiov
GaMarti,Gavin,Martinez,cljsk38l
IrMccla,Ira,Mcclain,m4pcqyvq
AuMoss,Aurelia,Moss,ekwty2c1
DoAcost,Douglas,Acosta,svoguk61
AmMcdan,Amado,Mcdaniel,9ff40aal
WeSumme,Wendi,Summers,tl3shy22
CiFlowe,Cindy,Flowers,kkqu40ai
TeSheph,Terrence,Shepherd,icd9d9zp
AnGonza,Andrea,Gonzalez,20pj2rfm
CaSteph,Casandra,Stephenson,4e4jw08c
RoSchwa,Roslyn,Schwartz,ycjwowhq
JeZamor,Jewel,Zamora,07s5t7ml
KrRosar,Krystal,Rosario,1lz296ib
PaJones,Pam,Jones,c7k3ct1g
WiHuber,Wiley,Huber,rzw3j8p5
LyMorri,Lynette,Morrison,j9wpb3k5
FeDuran,Fermin,Duran,31m3pmyk
TrRyan,Tristan,Ryan,dop5ccnm
MaHunte,Mauro,Hunter,ipsoukp6
KiVarga,Kip,Vargas,hg6awb3a
CaPugh,Cassandra,Pugh,xsvkjmgz
JiTrevi,Jim,Trevino,nziigo7g
BiPowel,Billie,Powell,kdkpshk1
GeGrave,Gena,Graves,y83m80o1
StMuell,Steven,Mueller,68ztezyn
ChDurha,Charles,Durham,e3za54kg
ApNewma,April,Newman,8ackmmde
IsGalla,Isabella,Gallagher,9l4vvvk0
LaHaney,Lawrence,Haney,xzch0ohw
MaTran,Mari,Tran,jq7tr1fn
EsLevin,Esteban,Levine,ogq926ja
TeGilbe,Terri,Gilbert,3lcpzue1
JeVasqu,Jefferson,Vasquez,pirz6wud
MiHobbs,Milo,Hobbs,5o04vzu8
KaOrteg,Kay,Ortega,dd8rl47t
ShRober,Sheldon,Robertson,ugnc8crs
UrMills,Ursula,Mills,f3srdopc
BeGould,Betsy,Gould,2oflz6ix
DeHarri,Dennis,Harris,46crxiwq
JaCraig,Jamaal,Craig,eso37a4w
NeRiley,Neal,Riley,p4jhmdgr
MaMarks,Mack,Marks,pmf5njbs
DiBlack,Dick,Black,5ij4efip
JoOsbor,Josie,Osborne,64krmu5n
JaWyatt,Jamison,Wyatt,5gxvz07p
LuKaise,Luciano,Kaiser,nhz73mxe
ViCross,Vince,Cross,yr908uri
WeValde,Wes,Valdez,1yen30a6
OlGomez,Olen,Gomez,0kjsrqjg
ShHull,Shirley,Hull,97gqaw8k
FlArmst,Floyd,Armstrong,gl4kapi9
StCompt,Stanton,Compton,yw9kt3ks
JoTurne,John,Turner,jhb8kamq
DaCarne,Darcy,Carney,oabg8nmn
MuFulle,Muriel,Fuller,j61mwnfo
HaHamil,Hayden,Hamilton,h8jrf1ln
CuMathi,Curtis,Mathis,2vy5xqe9
DuSimmo,Dustin,Simmons,cawgmo1l
JoWater,Joanna,Waters,a8yewxvx
LuDicke,Lucia,Dickerson,b0oqmk8n
MaRamse,Marva,Ramsey,nezkpl6j
RoSimps,Rosemarie,Simpson,k59qqg90
RuMerce,Rusty,Mercer,2ujjr4zq
ShSteve,Sheila,Stevens,n8e7djz8
LuMcgee,Luis,Mcgee,1dtsrc3a
TeBlake,Tessa,Blake,5yemwhov
AuGarza,Aubrey,Garza,khd5zcbu
AuWalte,Audrey,Walter,sxjp6xls
ReVelas,Reinaldo,Velasquez,2haqatrj
EvWeber,Everett,Weber,wnmq2r74
JaBates,Jarod,Bates,coz3rtdm
WiCopel,Wilmer,Copeland,0o9w9fk5
JeValen,Jeremiah,Valentine,h19ypwpu
ChFrye,Christa,Frye,ieh4a0zw
HoMoore,Hosea,Moore,n5sfwssx
JuWashi,Julius,Washington,wv111w6s
LoAguir,Loretta,Aguirre,12nj68ia
JuAdkin,Jude,Adkins,lncuqfxi
MaFlynn,Malcom,Flynn,5zndzmju
CaKerr,Carter,Kerr,cbhs1wkz
AlBooth,Alphonse,Booth,mznomeen
ArJacks,Araceli,Jackson,vrmrgrdv
NaSosa,Napoleon,Sosa,fsk32edz
NeCarri,Ned,Carrillo,otdmtnuf
YoBenja,Yolanda,Benjamin,dkgmvczq
JoKhan,Joel,Khan,qktu6n9g
LeBrand,Leland,Brandt,d11f6re3
GrBoyd,Gregory,Boyd,mhsbl636
MaSanti,Marc,Santiago,1st111er
JeCantu,Jean,Cantu,r6ps4qid
ShEstra,Sherman,Estrada,0zw14u11
ShDaugh,Shelton,Daugherty,201m1608
GrMcgra,Gretchen,Mcgrath,70m9g9m5
ReMyers,Renato,Myers,barbauch
LoChave,Loyd,Chavez,yi222gem
MaPeck,Maricela,Peck,yy49w79v
ArCorte,Aron,Cortez,92zp9uu8
ClHerma,Claudia,Herman,h8h7y5ux
AlVega,Albert,Vega,iyg142gs
DaAlvar,Damon,Alvarez,8vkkaf6g
EdGuzma,Edgar,Guzman,swjmznsv
LiSalaz,Lino,Salazar,d0rrxbci
AlHollo,Alyssa,Holloway,gonsj24e
SoLittl,Sophia,Little,bkrc59t9
ChColem,Christine,Coleman,1cxivubp
HeMann,Heriberto,Mann,ah9d3b7q
ViNavar,Virgie,Navarro,4d1tf35d
ShGibbs,Shari,Gibbs,ke8wnbsh
HoRubio,Howard,Rubio,hv8xx7lw
ErWebst,Erin,Webster,05xcyq3j
AlDough,Alice,Dougherty,qtnr61gz
AdHawki,Adam,Hawkins,dl8mowqm
GeHuang,Gertrude,Huang,xa9u7fkw
EaStoke,Earl,Stokes,jrclyzew
CaRanda,Catalina,Randall,lvmcjr3c
LaMiran,Lavern,Miranda,x4jst2h2
AnWall,Angelina,Wall,0nlxxj75
ShYork,Sheree,York,06b9uirk
JaDanie,Jane,Daniels,nha54bcw
AnDorse,Annette,Dorsey,1cnrg01s
SuMcnei,Susanne,Mcneil,x816ywiw
KuNorto,Kurt,Norton,s1xx1vhs
BeJense,Ben,Jensen,rtutzva3
AlLong,Alexander,Long,aay97vvq
MaJohns,Marcia,Johnston,pvmduya8
EtMccoy,Ethel,Mccoy,ksu4wmku
RoHolme,Rodolfo,Holmes,lknxcl9i
BrFried,Bruce,Friedman,0afoqvmc
MoBurns,Monique,Burns,yi38sid8
ErRiddl,Erica,Riddle,vwvqoop6
ReVelaz,Reyes,Velazquez,62ictdn0
DaWells,Daron,Wells,tz7scc5g
HuKnox,Hugh,Knox,5l6rvf1w
TaMora,Tami,Mora,0w51ftxg
ClReyes,Claude,Reyes,9tc3gy12
DeJohns,Dena,Johnson,9zxk2i5c
